x,y,helix
38.0,0.0,A
35.687274060608694,9.972998317604105,A
30.346017993846313,16.948171856243142,A
25.17152242515047,20.66599638063991,A
21.797598723333742,23.563591289793308,A
18.792315917552514,28.009310553619546,A
13.33706333925123,33.647982850224984,A
4.365806521325192,37.576481551074366,A
-6.050666216119157,37.17881514444029,A
-14.501305212684299,32.73336765647567,A
-19.393017660492646,27.134516059615255,A
-22.262159267630707,23.012445315110863,A
-25.915029867710853,20.1869623660947,A
-31.307938638503693,16.04740350158693,A
-36.36202326329203,8.462198864929398,A
-37.93159316275399,-1.7619385186067944,A
-34.924242523844114,-11.393368020876668,A
-29.392836024468593,-17.75141534315866,A
-24.4860690720157,-21.122440678724665,A
-21.346921324696797,-24.164882494588074,A
-18.118987644370772,-28.923928214458982,A
-12.066957607811071,-34.514365697990144,A
-2.6372986621110215,-37.8464309652412,A
7.676167593823772,-36.66189265085953,A
15.558511053070239,-31.787427656855908,A
19.934228134932756,-26.308114765083843,A
22.753345608631452,-22.503690376006254,A
26.714830452691896,-19.67018705336485,A
32.26326052708454,-15.043247011159943,A
36.934634231288804,-6.871757659466336,A
37.727847770846424,3.505972748329944,A
34.08825601456518,12.715056195212032,A
28.46227311964263,18.46549272900791,A
23.857580371920214,21.5713768832993,A
20.89609203067998,24.821540557822257,A
17.361517098489138,29.867427915755894,A
10.69506494906833,35.3158648344259,A
0.8820942972003015,37.98287515358083,A
-9.228284466411353,36.036589625075656,A
-16.510406254031167,30.82681559878696,A
-20.430254400744158,25.536062528447587,A
-23.28217824335714,22.027311624290764,A
-27.566340975003687,19.100957071349786,A
-33.19564758407529,13.932558955793802,A
-37.39314416287562,5.2147087792583795,A
-37.3931441628756,-5.214708779258444,A
-33.1956475840753,-13.932558955793777,A
-27.566340975003666,-19.100957071349807,A
-23.282178243357123,-22.02731162429079,A
-20.43025440074416,-25.536062528447577,A
-16.51040625403119,-30.826815598786936,A
-9.228284466411298,-36.036589625075685,A
0.8820942972003483,-37.98287515358082,A
10.69506494906834,-35.31586483442589,A
17.36151709848915,-29.867427915755897,A
20.89609203068,-24.821540557822228,A
23.8575803719202,-21.57137688329931,A
28.462273119642646,-18.465492729007913,A
34.0882560145652,-12.715056195211995,A
37.72784777084642,-3.50597274832998,A
36.93463423128882,6.871757659466333,A
32.26326052708451,15.043247011159943,A
26.714830452691878,19.67018705336487,A
22.753345608631456,22.50369037600625,A
19.934228134932752,26.308114765083847,A
15.558511053070202,31.78742765685591,A
7.676167593823813,36.661892650859514,A
-2.6372986621110472,37.84643096524119,A
-12.066957607811108,34.51436569799013,A
-18.118987644370808,28.923928214458975,A
-21.3469213246968,24.16488249458807,A
-24.486069072015702,21.12244067872468,A
-29.39283602446862,17.75141534315864,A
-34.92424252384413,11.393368020876673,A
-37.93159316275399,1.7619385186067893,A
-36.36202326329204,-8.462198864929416,A
-31.307938638503643,-16.047403501586967,A
-25.915029867710853,-20.186962366094722,A
-22.262159267630718,-23.012445315110853,A
-19.39301766049262,-27.134516059615276,A
-14.5013052126843,-32.733367656475664,A
-6.050666216119214,-37.17881514444028,A
4.365806521325242,-37.57648155107436,A
13.337063339251221,-33.64798285022496,A
18.792315917552568,-28.009310553619507,A
21.797598723333756,-23.563591289793287,A
25.171522425150457,-20.665996380639918,A
30.346017993846367,-16.9481718562431,A
35.687274060608715,-9.972998317604079,A
38.0,-5.80556860472236e-14,A
32.0,0.0,B
32.74861961937132,4.741907601988874,B
33.467454685511605,11.824049201590386,B
31.167784798722337,20.877745164075023,B
24.549809716642287,28.895132778735466,B
15.491985896883468,33.02008112855816,B
7.352009188346649,33.22474909597111,B
1.8034678881269357,32.15113172559586,B
-2.575554666681957,32.28763944539122,B
-8.53491591663641,33.36755908499324,B
-17.023743742269097,32.64691491133359,B
-25.907722789580106,27.777932342417923,B
-31.85532093079758,19.34260338686136,B
-33.481196021481786,10.45482338617229,B
-32.5505496870188,3.828337712783063,B
-32.024801195584494,-0.7084639548028762,B
-32.94970928418806,-5.727574300179334,B
-33.365471033609396,-13.254953280141912,B
-30.352002816013982,-22.383718328975498,B
-23.120270398490884,-29.896830947119174,B
-13.990140610895562,-33.277389156532884,B
-6.249190309979744,-33.046856356185344,B
-1.067343126300386,-32.05546907488329,B
3.3962525652774946,-32.45685669995213,B
9.796158415007563,-33.45934035631486,B
18.569622106206122,-32.150875275866646,B
27.17899639107519,-26.555062384580033,B
32.41458925714984,-17.79595399128209,B
33.42081691954152,-9.155967231985015,B
32.36876150472299,-2.9790970982559823,B
32.09778398970704,1.4317543846318181,B
33.13919142949937,6.790591965142458,B
33.16267928147374,14.736393385490754,B
29.41093477134755,23.842996330821506,B
21.635482392062926,30.77580809409353,B
12.532433622157187,33.42832004816004,B
5.225338719409088,32.84967445804015,B
0.35329934781869377,32.0062225870091,B
-4.276540112253471,32.64834113196516,B
-11.131122791910183,33.484504337926985,B
-20.112713676023173,31.52765396045826,B
-28.350414218486446,25.23869514240334,B
-32.84847975224223,16.255081118678465,B
-33.301538467934066,7.933493435171811,B
-32.21473095768311,2.184191220113112,B
-32.214730957683116,-2.184191220113122,B
-33.301538467934066,-7.933493435171783,B
-32.84847975224222,-16.255081118678508,B
-28.350414218486414,-25.23869514240338,B
-20.112713676023205,-31.52765396045825,B
-11.131122791910213,-33.48450433792698,B
-4.276540112253452,-32.64834113196513,B
0.35329934781871986,-32.00622258700909,B
5.2253387194090894,-32.84967445804016,B
12.532433622157185,-33.428320048160025,B
21.635482392062965,-30.775808094093502,B
29.410934771347527,-23.842996330821535,B
33.16267928147375,-14.736393385490741,B
33.13919142949937,-6.790591965142424,B
32.09778398970705,-1.4317543846318335,B
32.36876150472299,2.979097098255996,B
33.42081691954154,9.155967231985025,B
32.41458925714983,17.795953991282133,B
27.17899639107518,26.555062384580044,B
18.56962210620612,32.15087527586665,B
9.796158415007529,33.45934035631488,B
3.3962525652775053,32.45685669995214,B
-1.0673431263003716,32.0554690748833,B
-6.249190309979774,33.046856356185344,B
-13.990140610895597,33.27738915653287,B
-23.120270398490888,29.89683094711917,B
-30.352002816014,22.383718328975455,B
-33.365471033609396,13.254953280141862,B
-32.949709284188046,5.727574300179347,B
-32.024801195584494,0.7084639548028705,B
-32.550549687018794,-3.828337712783088,B
-33.48119602148179,-10.45482338617235,B
-31.85532093079757,-19.342603386861338,B
-25.90772278958016,-27.777932342417884,B
-17.023743742269065,-32.64691491133361,B
-8.534915916636411,-33.36755908499323,B
-2.575554666681996,-32.28763944539122,B
1.8034678881269426,-32.15113172559587,B
7.352009188346637,-33.224749095971134,B
15.491985896883532,-33.020081128558125,B
24.5498097166423,-28.89513277873545,B
31.167784798722323,-20.87774516407505,B
33.46745468551161,-11.824049201590316,B
32.74861961937131,-4.741907601988865,B
32.0,6.620520483034766e-15,B
